<?xml version="1.0"?>
<!DOCTYPE service-builder PUBLIC "-//Liferay//DTD Service Builder 6.0.0//EN" "http://www.liferay.com/dtd/liferay-service-builder_6_0_0.dtd">
<service-builder package-path="com.virtusa.icd.service.builder">
    <namespace>ICD</namespace>
    <entity name="Enrollment" local-service="true" remote-service="true" >

        <!-- PK fields -->

        <column name="enrollmentId" type="long" primary="true" />

        <!-- Group instance -->

        <column name="groupId" type="long" />

        <!-- Audit fields -->

        <column name="companyId" type="long" />
        <column name="userId" type="long" />
        <column name="userName" type="String" />
        <column name="createDate" type="Date" />
        <column name="modifiedDate" type="Date" />

        <!-- Other fields -->

        <column name="selectedEntityType" type="String" />
        <column name="organizationNPINum" type="String" />
        <column name="organizationName" type="String" />
        <column name="organizationAddress1" type="String" />
        <column name="organizationAddress2" type="String" />
        <column name="organizationCity" type="String" />
        <column name="organizationPhone" type="String" />
        <column name="top5HealthPlansByRev" type="String" />
        <column name="clearinghouses" type="String" />
        <column name="ehrBillingVendors" type="String" />
        <column name="revCycleVendors" type="String" />
        <column name="top5DrgByRev" type="String" />
        <column name="icd9Drg1" type="String" />
        <column name="icd9Drg2" type="String" />
        <column name="icd9Drg3" type="String" />
        <column name="icd9Drg4" type="String" />
        <column name="icd9Drg5" type="String" />
        <column name="top5Icd9ByRev" type="String" />
        <column name="icd9Dx1" type="String" />
        <column name="icd9Dx2" type="String" />
        <column name="icd9Dx3" type="String" />
        <column name="icd9Dx4" type="String" />
        <column name="icd9Dx5" type="String" />
        <column name="primaryTestingContact" type="String" />
        <column name="primaryTestingContactTitle" type="String" />
        <column name="primaryTestingContactPhone" type="String" />
        <column name="primaryTestingContactEmail" type="String" />
        <column name="primaryCodingContact" type="String" />
        <column name="primaryCodingContactTitle" type="String" />
        <column name="primaryCodingContactPhone" type="String" />
        <column name="primaryCodingContactEmail" type="String" />
        <column name="primaryBillingContact" type="String" />
        <column name="primaryBillingContactTitle" type="String" />
        <column name="primaryBillingContactPhone" type="String" />
        <column name="primaryBillingContactEmail" type="String" />
        <column name="file" type="String" />
    </entity>
    
	 <entity name="MedicalRecord" local-service="true" remote-service="true">

        <!-- PK fields -->

        <column name="mrId" type="long" primary="true" />

        <!-- Group instance -->

        <column name="groupId" type="long" />

        <!-- Audit fields -->

        <column name="companyId" type="long" />
        <column name="userId" type="long" />
        <column name="userName" type="String" />
        <column name="createDate" type="Date" />
        <column name="modifiedDate" type="Date" />

        <!-- Other fields -->
    
		<column name="mrTestCaseName" type="String" />
        <column name="msDrg" type="String" />
        <column name="patientType" type="String" />
        <column name="patientAge" type="String" />
        <column name="los" type="String" />
        <column name="ahrqCategoryCode" type="String" />
        <column name="ahrqSubCategoryCode" type="String" />
        <column name="mrTestCaseDescription" type="String" />
        <column name="icd9AdmittingDx" type="String" />
        <column name="icd9PrincipalDx" type="String" />
        <column name="icd9PrincipalProcedure" type="String" />
        <column name="otherIcd9Dx1" type="String" />
        <column name="otherIcd9Dx2" type="String" />
        <column name="otherIcd9Dx3" type="String" />
        <column name="otherIcd9Pcs1" type="String" />
        <column name="otherIcd9Pcs2" type="String" />
        <column name="otherIcd9Pcs3" type="String" />
        <column name="icd10AdmittingDx" type="String" />
        <column name="icd10PrincipalDx" type="String" />
        <column name="icd10PrincipalProcedure" type="String" />
        <column name="otherIcd10Dx1" type="String" />
        <column name="otherIcd10Dx2" type="String" />
        <column name="otherIcd10Dx3" type="String" />
        <column name="otherIcd10Pcs1" type="String" />
        <column name="otherIcd10Pcs2" type="String" />
        <column name="otherIcd10Pcs3" type="String" />
        <column name="isHistoryAndPsysical" type="boolean" />
        <column name="isDischargeNotes" type="boolean" />
        <column name="isConsultations" type="boolean" />
        <column name="isOperatingNotes" type="boolean" />
        <column name="isPhysicianNotes" type="boolean" />
        <column name="isRadiology" type="boolean" />
        <column name="isGiProcedures" type="boolean" />
        <column name="isEducationalNotes" type="boolean" />
		<column name="file" type="String" />
	</entity>

    <entity name="References" local-service="true" remote-service="true">
        <!-- PK fields -->
        <column name="referencesId" type="long" primary="true" />

        <!-- Group instance -->
        <column name="groupId" type="long" />

        <!-- Audit fields -->
        <column name="companyId" type="long" />
        <column name="userId" type="long" />
        <column name="userName" type="String" />
        <column name="createDate" type="Date" />
        <column name="modifiedDate" type="Date" />

        <!-- Other fields -->
        <column name="referencesName" type="String" />
        <column name="key" type="String" />
        <column name="value" type="String" />
        <column name="active" type="String" />
        <column name="order" type="int" />
		
		<finder return-type="Collection" name="referencesName">  
			<finder-column name="referencesName"/>  
		</finder>  
    </entity>

</service-builder>
