<!-- <?xml version="1.0"?>
<!DOCTYPE beans PUBLIC "-//SPRING//DTD BEAN//EN"
"http://www.springframework.org/dtd/spring-beans.dtd">
<beans>
<bean
class="
org.springframework.beans.factory.config.PropertyPlaceholderConfigurer">
</bean>
<bean id="icdDataSourceTarget"
class="org.springframework.jdbc.datasource.DriverManagerDataSource">
<property name="driverClassName" value="com.mysql.jdbc.Driver" />
<property name="url" value="jdbc:mysql://localhost:3306/icddb" />
<property name="username" value="root" />
<property name="password" value="root" />
</bean>
<bean id="icdDataSource"
class="org.springframework.jdbc.datasource.LazyConnectionDataSourceProxy">
<property name="targetDataSource">
<ref bean="icdDataSourceTarget" />
</property>
</bean>
<bean id="icdHibernateSessionFactory"
class="com.liferay.portal.spring.hibernate.PortletHibernateConfiguration">
<property name="dataSource">
<ref bean="icdDataSource" />
</property>
</bean>
<bean id="icdSessionFactory">
<property name="sessionFactoryImplementor">
<ref bean="icdHibernateSessionFactory" />
</property>
</bean>
<bean id="icdTransactionManager"
class="org.springframework.orm.hibernate3.HibernateTransactionManager">
<property name="dataSource">
<ref bean="icdDataSource" />
</property>
<property name="sessionFactory">
<ref bean="icdHibernateSessionFactory" />
</property>
</bean>
</beans> -->