<?xml version="1.0"?>

<model-hints>
	<model name="com.virtusa.icd.service.builder.model.Enrollment">
		<field name="enrollmentId" type="long" />
		<field name="groupId" type="long" />
		<field name="companyId" type="long" />
		<field name="userId" type="long" />
		<field name="userName" type="String" />
		<field name="createDate" type="Date" />
		<field name="modifiedDate" type="Date" />
		<field name="selectedEntityType" type="String" />
		<field name="organizationNPINum" type="String" />
		<field name="organizationName" type="String" />
		<field name="organizationAddress1" type="String" />
		<field name="organizationAddress2" type="String" />
		<field name="organizationCity" type="String" />
		<field name="organizationPhone" type="String" />
		<field name="top5HealthPlansByRev" type="String" />
		<field name="clearinghouses" type="String" />
		<field name="ehrBillingVendors" type="String" />
		<field name="revCycleVendors" type="String" />
		<field name="top5DrgByRev" type="String" />
		<field name="icd9Drg1" type="String" />
		<field name="icd9Drg2" type="String" />
		<field name="icd9Drg3" type="String" />
		<field name="icd9Drg4" type="String" />
		<field name="icd9Drg5" type="String" />
		<field name="top5Icd9ByRev" type="String" />
		<field name="icd9Dx1" type="String" />
		<field name="icd9Dx2" type="String" />
		<field name="icd9Dx3" type="String" />
		<field name="icd9Dx4" type="String" />
		<field name="icd9Dx5" type="String" />
		<field name="primaryTestingContact" type="String" />
		<field name="primaryTestingContactTitle" type="String" />
		<field name="primaryTestingContactPhone" type="String" />
		<field name="primaryTestingContactEmail" type="String" />
		<field name="primaryCodingContact" type="String" />
		<field name="primaryCodingContactTitle" type="String" />
		<field name="primaryCodingContactPhone" type="String" />
		<field name="primaryCodingContactEmail" type="String" />
		<field name="primaryBillingContact" type="String" />
		<field name="primaryBillingContactTitle" type="String" />
		<field name="primaryBillingContactPhone" type="String" />
		<field name="primaryBillingContactEmail" type="String" />
		<field name="file" type="String" />
	</model>
	<model name="com.virtusa.icd.service.builder.model.MedicalRecord">
		<field name="mrId" type="long" />
		<field name="groupId" type="long" />
		<field name="companyId" type="long" />
		<field name="userId" type="long" />
		<field name="userName" type="String" />
		<field name="createDate" type="Date" />
		<field name="modifiedDate" type="Date" />
		<field name="mrTestCaseName" type="String" />
		<field name="msDrg" type="String" />
		<field name="patientType" type="String" />
		<field name="patientAge" type="String" />
		<field name="los" type="String" />
		<field name="ahrqCategoryCode" type="String" />
		<field name="ahrqSubCategoryCode" type="String" />
		<field name="mrTestCaseDescription" type="String" />
		<field name="icd9AdmittingDx" type="String" />
		<field name="icd9PrincipalDx" type="String" />
		<field name="icd9PrincipalProcedure" type="String" />
		<field name="otherIcd9Dx1" type="String" />
		<field name="otherIcd9Dx2" type="String" />
		<field name="otherIcd9Dx3" type="String" />
		<field name="otherIcd9Pcs1" type="String" />
		<field name="otherIcd9Pcs2" type="String" />
		<field name="otherIcd9Pcs3" type="String" />
		<field name="icd10AdmittingDx" type="String" />
		<field name="icd10PrincipalDx" type="String" />
		<field name="icd10PrincipalProcedure" type="String" />
		<field name="otherIcd10Dx1" type="String" />
		<field name="otherIcd10Dx2" type="String" />
		<field name="otherIcd10Dx3" type="String" />
		<field name="otherIcd10Pcs1" type="String" />
		<field name="otherIcd10Pcs2" type="String" />
		<field name="otherIcd10Pcs3" type="String" />
		<field name="isHistoryAndPsysical" type="boolean" />
		<field name="isDischargeNotes" type="boolean" />
		<field name="isConsultations" type="boolean" />
		<field name="isOperatingNotes" type="boolean" />
		<field name="isPhysicianNotes" type="boolean" />
		<field name="isRadiology" type="boolean" />
		<field name="isGiProcedures" type="boolean" />
		<field name="isEducationalNotes" type="boolean" />
		<field name="file" type="String" />
	</model>
	<model name="com.virtusa.icd.service.builder.model.References">
		<field name="referencesId" type="long" />
		<field name="groupId" type="long" />
		<field name="companyId" type="long" />
		<field name="userId" type="long" />
		<field name="userName" type="String" />
		<field name="createDate" type="Date" />
		<field name="modifiedDate" type="Date" />
		<field name="referencesName" type="String" />
		<field name="key" type="String" />
		<field name="value" type="String" />
		<field name="active" type="String" />
		<field name="order" type="int" />
	</model>
</model-hints>